,f0,f1,f2,Chemical No
0,-0.018615078405047683,-0.00576088630239558,-0.06734940382331851,1
1,-0.030114954220961918,0.03187790626835969,-0.011062895682599768,1
2,0.04669536451223512,0.04249857424835136,0.03595652501970306,0
3,-0.03148777879462104,0.023094653804401014,-0.01412207010673071,1
4,-0.023398050777046556,0.02063786309304912,-0.03177090098089092,1
5,-0.0562611805493934,-0.01444745185982266,0.00047806898899513265,1
6,0.037812764209837785,0.02449868487873309,0.0465732023597784,0
7,-0.024716493394300286,0.019293739616721158,-0.028180801025730295,1
8,0.048956275290115585,0.050573676413269215,0.04403532019731071,0
9,0.033643889590702476,0.039305313642843655,0.01892092358223911,0
10,0.03717264817865127,0.010855717280708783,0.024902353978401646,0
11,-0.03538022585216745,0.003916606853501713,-0.018120890708264944,1
12,-0.013871013235257997,0.012169434823456999,-0.06176006544607227,1
13,-0.02539565144095083,0.02794227195436664,-0.01579054858726959,1
14,0.007709861812421389,0.06080866657454003,-0.026864234555082047,1
15,0.021925412811371874,0.018135319468278774,0.027506891598932662,0
16,0.00628610660416652,0.03523285314921471,-0.07092995109924324,1
17,0.028400920358646133,0.01807826252902461,0.03168253948503301,0
18,-0.022330626570157625,0.04426534919811528,0.0028675075715557646,1
19,-0.00645241950474251,0.009600816614258564,0.010687664434048871,0
20,-0.037959058747865995,0.024131723371386846,0.007853574227595583,1
21,0.01368760651537027,-0.008922373460652798,0.03164430282561464,0
22,-0.048921824941903634,-0.009933262008008543,-0.010642877491155382,1
23,0.020705783223838165,0.027748136435809048,0.016969231877990817,0
24,-0.030066301770155446,0.006457313233491397,-0.03445666944734972,1
25,-0.033300229137893066,0.012148037395632041,-0.037578201388799456,1
26,-0.024959122996807682,-0.03413521566132532,-0.00030833030184399684,1
27,0.02658252509466456,0.03381968446307884,0.04006983141493505,0
28,0.06083767150061727,0.04868494101418237,0.04489257858902054,0
29,-0.01806064410243132,0.039072958187461,-0.01840328001609639,1
30,-0.04041325916166548,0.007060245395336343,-0.02924032860383766,1
31,-0.021799693616289195,0.0040308540583735486,-0.05402757292730866,1
32,-0.0517557706982727,0.004673066243995641,0.003622384864440992,1
33,0.051581964413126444,0.04936865386579859,0.02519195455825749,0
34,0.05565563365109928,0.05865316057851958,0.02971054857056476,0
35,0.031891363940978114,0.04002083131808555,0.021298533503865014,0
36,-0.044962474715445885,-0.006360095533327407,-0.029172248869920613,1
37,-0.004369673501687709,-0.006146435330268241,0.009980411934353348,0
38,0.03750061838365188,0.0372299695737048,0.04379921406198395,0
39,0.005398414395281527,-0.006316600265352798,0.024244962927176598,0
40,-0.028533905506805814,0.014314462781088435,-0.039405417232145426,1
41,0.0037777988486488536,-0.014657667584506614,0.02561427773584025,0
42,0.005812017627517378,-0.0015561498038741543,0.01456256427486457,0
43,0.01842139648365742,0.006770402454945739,0.0193235484099365,0
44,-0.008002158085323943,-0.021616997257066506,0.01763493909598901,0
45,-0.03400650202558198,0.016153358419647153,-0.014476519391381878,1
46,0.0004478308512083967,0.012583523653023593,0.00969869215970523,0
47,-0.0032889687256006865,-0.010943290054265534,0.014033045814037278,0
48,0.030885047806089288,0.04657278160892852,0.022124839514289486,0
49,-0.011439340398728626,0.04371456499140245,-0.02947156197396591,1
50,-0.011680778435787872,0.02901655801875989,-0.023610324530237245,1
51,-0.03376519472417259,0.030588359887225053,-0.0013906159699957983,1
52,-0.02814292979536266,0.027927125249400452,-0.011792153837672476,1
53,-0.026235250132933135,0.0028346901464132808,-0.04268455306913895,1
54,-0.0024295296829969703,-0.012671884542552072,0.029671221995630874,0
55,0.0009410075836200442,0.0006146825338853457,0.019277487011694235,0
56,0.05173841490295131,0.03406956506314087,0.04529063977270018,0
57,-0.008894110891540746,0.04742917940505488,-0.025086349327999854,1
58,-0.025576880414043063,-0.029276160769879538,0.001422569867654688,1
59,0.041408330241386716,0.025080278106917965,0.03811981132059928,0
60,0.0349549683345193,0.012480168457859219,0.04238638303113532,0
61,-0.034317874772583,0.01202030030085529,-0.01483774112206322,1
62,-0.019050700595384638,0.031026599063933524,-0.026504195663650157,1
63,0.048559878867465364,0.03762246521548576,0.04282593587126222,0
64,-0.03552422612711957,-0.012709409973601699,-0.047745342201679856,1
65,0.007211251364733882,0.04368361540024587,-0.06590387377700478,1
66,0.05392075477070967,0.04843776978242489,0.05233575968961757,0
67,0.041706503556719406,0.05661957993157872,0.039433068621849074,0
68,0.037740602746581725,0.02906011946430691,0.03183497329971855,0
69,0.004659283552989352,-0.007601824431814267,0.01138259580089619,0
70,0.0028274886122143113,0.00816202118500215,0.006941555925532127,0
71,-0.02345693605261749,0.02821115350902699,-0.02447672715366449,1
72,0.025495178589912605,0.04060697362906197,0.02411981822426952,0
73,-0.018631728495122738,0.035772419706028284,-0.020236322887665564,1
74,-0.036421815843620906,0.0036437454412681612,-0.027700338994904147,1
75,-0.020683568210211462,0.015507026706225932,-0.024960595129536068,1
76,0.043552088716401746,0.060769379553490724,0.03708211760873839,0
77,-0.03944271598986776,0.013023038977792686,0.00041274081358120976,1
78,0.0120438282988679,0.06989321170334749,-0.03138895847130281,1
79,-0.01551870890951786,-0.02036256025905732,0.017852172839855674,0
80,0.0925505501197897,0.08529251010645407,0.06922060509816452,0
81,0.06088444108728921,0.04660013899203472,0.06391173253556319,0
82,0.004750728393296569,0.05282019626476787,-0.0397205467324896,1
83,-0.01800460113059746,0.025247035840035296,-0.030516832427096793,1
84,-0.016631107674845914,0.03297863080791492,-0.01817743490913172,1
85,0.030814310137593576,0.034260741594819635,0.03391805816792284,0
86,-0.05237956983224963,0.0040372269635494855,-0.002563076687550938,1
87,-0.0573523981356717,0.008088415249261576,0.02092928826748789,1
88,-0.0472088990594847,-0.0014741436033602685,-0.00028490289242161807,1
89,0.045639780548254696,0.04924232062719857,0.033275205184986535,0
90,-0.0012680433563676443,-0.0035784381791803543,0.019814620674350206,0
91,0.0018265004521384259,0.03212545040957507,-0.05565623626592307,1
92,-0.024979749467047164,0.011826530121689518,-0.031716223847382916,1
93,0.00932458925103351,-0.004628347339757369,0.009331128306491762,0
94,0.006725661898605586,-0.0013427092293828258,0.031468521201916344,0
95,-0.020654525730592753,0.03473038715391431,-0.028658310327688345,1
96,-0.035962665069574525,-0.01627877120727441,-0.03745258626704435,1
97,-0.05456613785763595,-0.011375506803732482,-0.003757060962194881,1
98,-0.05493456368060171,0.01047877791319573,0.006691139048741766,1
99,0.03314567023399156,0.023088181968412832,0.028859861378576806,0
100,-0.003929364115455907,0.04291532118752829,-0.042522374883835416,1
101,0.021670944728639716,0.003471453410139791,0.024012233133728057,0
102,-0.02630340372504896,0.012048589031957473,-0.025139085087254223,1
103,-0.021515999761480158,0.029079993208191383,-0.023846867407568757,1
104,0.0271052665359523,0.018926482057395465,0.033459272851545936,0
105,-0.02125691527954662,0.044522335355392934,-0.007091393790736839,1
106,0.035153453707992985,0.023401881658264533,0.025435908185509056,0
107,-0.025728301587387387,-0.030748495152696904,0.002603877947827836,1
108,-0.02457421965796165,-0.013850044681713284,0.005119402117771757,1
109,0.06073998562206482,0.06657830345635153,0.04956999275717922,0
110,0.025043538388477567,0.02960820092443425,0.018594601531432508,0
111,-0.03578738152752335,0.03177909330407006,-0.001546998653581573,1
112,0.02400342315168355,0.02649345410459005,0.029804895410627284,0
113,0.02669591302045153,0.03293308418124039,0.020182531488091546,0
114,0.05091350927640773,0.046910606696814176,0.04402847999561249,0
115,-0.0465810051689951,0.009358615810481762,-0.013529440070351288,1
116,0.00030350795634826925,-0.00026835756378104306,0.016862238803526875,0
117,0.02490782833102213,0.025253173358644614,0.027297023124480988,0
118,-0.01020940308795883,-0.0018354986137005486,-0.005562809626167719,1
119,0.013831362831484796,0.025308134363138366,0.027634390053646117,0
120,0.039270370697403315,0.028129238352786894,0.03801740903149664,0
121,-0.0049238753298163655,0.025734783180415,-0.04971109734514517,1
122,0.01666038659528379,0.01346568522246154,0.02132694428227319,0
123,-0.017566208861998982,0.007171261940451729,-0.03964878044473744,1
124,0.02200319296350915,0.021812608005871724,0.022536550418224676,0
125,0.03194163082993961,0.04396741719898024,0.026358156433266902,0
126,0.049761695881008886,0.03444916684605426,0.030481666825413152,0
127,0.0004218309248780078,0.05231972741005528,-0.03667569315300216,1
128,-0.00553427061054119,0.0605482355265815,-0.007466155935027718,1
129,0.02809612370968568,0.02762107915401866,0.03049306882746036,0
130,-0.0071951983411169575,0.0199604071537278,-0.04517091558073987,1
131,-0.03788000923493728,0.005953462905056599,-0.009641878797856942,1
132,-0.011447026033295055,0.039225036025155056,-0.03265106920892714,1
133,0.0483598847274587,0.053824508609357016,0.03148537850665684,0
134,-0.018999899060965053,-0.016270602471976637,0.00785606131434211,1
135,0.03928731043842265,0.027143321726681113,0.0321359202251566,0
136,-0.008693867285287508,-0.004945696611829793,0.0009578484735331722,1
137,0.0023124871298633646,0.0035310076795082384,0.015125076054070864,0
138,-0.03286723453189565,0.00928748149084786,-0.037317510706202116,1
139,-0.03244787034157386,0.01256517692124284,-0.023391670094175712,1
140,-0.0070854987893670595,0.02414865252109098,-0.0446269527737329,1
141,-0.039023555297886876,0.010846808923323388,-0.028287296015703515,1
142,0.03914468779874856,0.03026165301726324,0.03652947698049774,0
143,-0.027460949037133465,0.004435848389403704,-0.05029858321236651,1
144,0.05683966809714646,0.061537598688531744,0.046803314049784495,0
145,0.01961777011444902,0.009824038963511233,0.023539960286636973,0
146,-0.049429270502563724,0.0006611644730227986,-0.0065524717682341315,1
147,-0.030605845874547524,0.009843147117282791,-0.03883071831140752,1
148,-0.010060481027630176,0.06333369860542148,0.003565448807484142,1
149,0.03713767164030578,0.020745146351625464,0.0528402089212384,0
150,-0.0429293018805536,-0.0026054256781018596,-0.03159628485851842,1
151,-0.04181238392425206,2.5206355997109103e-05,-0.012945013315732655,1
152,0.0017293586884682324,0.005842416223294082,0.010243478518866122,0
153,-0.03350445475922996,0.035142183842526264,0.008258605293472764,1
154,0.06787037486403474,0.057162586303293225,0.0582146841075096,0
155,-0.004209708588223637,0.020133185032041367,-0.06217512397998392,1
156,-0.0005107794909848021,-0.0069366531702083935,0.014920462005103385,0
157,0.038928215833779346,0.03122626730130957,0.032040852063420194,0
158,-0.002771243831691905,0.0008268644931338205,0.019939747894374714,0
159,0.05492950002992214,0.050495336659880125,0.05288583547801283,0
160,0.011709793273706724,0.016881702087083696,0.01909084934712957,0
161,0.013313880032823557,0.008950999966286712,0.03551079331023952,0
162,-0.009577217450776523,0.007856489694591826,0.006729067262864939,1
163,0.021613888268165907,0.012589548983323054,0.027438937788531674,0
164,-0.023258396468432602,0.03313502397739789,-0.011365608536993952,1
165,0.01335819024818193,0.0038620460924071983,0.021171414353968365,0
166,0.013732739581352009,0.01695129982171946,0.015331241204566975,0
167,-0.027392741566413147,-0.011478037478475353,-0.06483301929871095,1
168,-0.04074587014919885,0.012017087339132626,-0.013891302333454949,1
169,-0.016669816334089736,0.012841858755680396,-0.05141371643098346,1
170,-0.038940841803833934,-0.00795466393444614,-0.02497488743372003,1
171,-0.02496784886329847,0.005016798880482041,-0.03683945260371836,1
172,-0.01453089151521152,0.016758473044375607,-0.05186719076459892,1
173,0.0058232887113264025,0.008898536229010068,0.008450613564706012,0
174,-0.01186952845263095,0.029968311237600638,-0.04030329589297265,1
175,-0.01822904825332665,0.028445530318679458,-0.032694619515418695,1
176,-0.04279644415956346,0.016496112342327243,0.009751256425452557,1
177,0.0098986104607771,-0.009352556834947777,0.02881718013578985,0
178,-0.02224265810458882,0.034020720093266156,-0.011500215272962452,1
179,-0.0035872748960406324,-0.01747801543233623,0.02437731356781695,0
180,0.08098784113007572,0.08023308118121654,0.04936950986962787,0
181,-0.013919098202632848,-0.01296658206324293,0.006713064312200074,1
182,-0.0425753929791372,0.016793879164205272,0.00331368998880277,1
183,0.015465742162210491,0.020057467658714564,0.00417270959301239,0
184,0.04370524880791827,0.032626584450172594,0.032662647039355695,0
185,-0.04835452667315588,0.005242464156497762,0.016572282755769316,1
186,-0.01246100732406348,0.045051757008842064,-0.012405479556069755,1
187,-0.009903114293964798,0.04106247330177618,-0.05583794999970593,1
188,-0.00623464218817114,0.008199309442525893,-0.06116674940922512,1
189,-0.015775124861080344,0.03093041433480656,-0.035071191608975365,1
190,0.06298692386989005,0.058486941009335554,0.05502286666062494,0
191,0.050554947269743716,0.027528423355089978,0.03732508727523894,0
192,-0.04483250061088248,0.025803482426079487,0.013143330331866257,1
193,0.04770736360561956,0.04253072465918723,0.03898103032593906,0
194,-0.035213847194369374,0.022208455735663872,0.007177530253337084,1
195,0.009271299698714796,-0.01736753708072168,0.030840561077550854,0
196,0.01899159263421307,0.01587882940766529,0.03419658735175659,0
197,0.015991320428534676,0.013943895953800562,0.024362255026721444,0
198,-0.03465208001523195,0.017997987071285405,-0.008092522384726316,1
199,-0.011614160786258747,0.027245588385532024,-0.04334793685978201,1
200,-0.02719312474068699,0.04429376483655868,0.00676984942953169,1
201,-0.012761154661201052,0.025134708090909633,-0.05185823760187246,1
202,0.029560351854552493,0.03328498494315887,0.028154225794644133,0
203,0.013143877231854645,0.013157178381492725,0.015878636008351665,0
204,-0.00789899093013097,-0.018973770900416694,0.016364199136184022,0
205,-0.045308240351254955,0.013038704155931401,0.00784218910707311,1
206,-0.011758614654404226,-0.00457191965740554,0.004845272347098419,1
207,-0.005707805984547804,0.0099839405607331,0.00654630334348284,0
208,0.023558237811731518,0.012931729871601311,0.024542207553748446,0
209,0.010604722868821461,-0.004243423697540938,0.025653918400733056,0
210,0.03184867693623796,0.044395480288922255,0.036091281604154805,0
211,0.04681821045886589,0.03720959150152296,0.041161150725256404,0
212,0.01918331259960415,0.03330862274499445,0.014542621933801708,0
213,0.002477624404968979,-0.0014050359291989318,0.012484280377825995,0
214,-0.03288742871460561,0.03008118233541205,-0.013480601151439665,1
215,-0.005067258439521408,0.06004143108045704,-0.02829557545994283,1
216,-0.050229328817505726,0.015232272929295947,0.011111346334937095,1
217,0.07472579899740729,0.06352233396688244,0.062026891978896374,0
218,-0.03349553968348868,0.01752118699324831,-0.014363990590241429,1
219,0.007275250410334865,-0.004273118932637036,0.014681614436759992,0
220,0.04717376412909499,0.035593786296141454,0.04088694492846351,0
221,-0.013620843511884907,0.02444133928703486,-0.04700960075757549,1
222,-0.012820014181477017,0.06436487256832084,0.0010706880848680472,1
223,-0.010948502190587187,0.033585761887182417,-0.03632750387065831,1
224,-0.030668537064617446,0.026841072874639903,-0.017110790858257962,1
225,0.03666813756968783,0.03950936215751132,0.022557557793750325,0
226,-0.034758648733988595,0.02603651844515073,0.013929107033063656,1
227,-0.035210310589859475,0.03209395480667099,-0.00039681112975932395,1
228,0.04222991497414061,0.042417280574633794,0.03149239157678341,0
229,0.0206756316057775,0.004772573424863238,0.034802055959380254,0
230,-0.03908736888086893,0.037202192500915734,0.020059529112783737,1
231,-0.0034430884107965677,0.008472271455306003,0.015403444526288546,0
232,0.041067271116170694,0.04616172028557433,0.026068702614038992,0
233,-0.005389356693847297,0.04510191777681119,-0.04538676438224304,1
234,0.03497609334198016,0.014667614344413538,0.03491255348624876,0
235,-0.023881717305207367,0.028358588837916598,-0.01941099889360626,1
236,-0.004469854580831753,0.008486460852883406,0.0061507844607884676,0
237,0.038200722375969505,0.02418435854223417,0.04965471454394972,0
238,0.002107395459968851,0.06236697217160174,-0.027629042343394826,1
239,-0.030552901407888397,-0.007716753672371345,-0.06123294292431291,1
240,-0.03990843641683013,-0.010288073070316699,-0.031692192328925686,1
241,0.016395087812594206,0.0060688251401949085,0.03639862702325981,0
242,0.05992918596020348,0.057293125025808925,0.04973255813992934,0
243,0.084306583605876,0.09452166371271654,0.0438733789543095,0
244,0.03694770818120286,0.025874017049652132,0.036793473321882444,0
245,0.047010108650931054,0.05697457728196086,0.024772240474510574,0
246,0.014419062048221739,-0.007753611818935106,0.044212612947003294,0
247,0.004610287941907972,0.04903332490208852,-0.04816410928224134,1
248,-0.0013083254386944724,0.04834870508354344,-0.043466088061290174,1
249,-0.017353691849215692,0.03529653692353884,-0.01852316644710667,1
250,0.02998777802242664,0.015180506298803903,0.038347518520281704,0
251,-0.029649480121167898,0.01765142568032259,-0.03158296460842197,1
252,-0.019886116068628907,0.02848067194659507,-0.02904980228306633,1
253,0.02860670004944514,0.029082120118268544,0.039272830307108084,0
254,-0.028091036121637464,0.020566004036150633,-0.013439407176662118,1
255,0.017914766950701558,0.0140871460234134,0.02871064919287445,0
256,-0.03361903890966388,0.010437593110176653,-0.035645285374810674,1
257,-0.011139613734897606,-0.018218246342935573,0.013600172973224328,0
258,0.06161303633941263,0.0767453168206521,0.03706009698347245,0
259,-0.0021310091809899037,0.08330232456210801,-0.006238766680423578,1
260,-0.04516530825721975,-0.010430933435077174,-0.030923435536617146,1
261,-0.026923041210848393,0.009709120263441662,-0.033921883565389006,1
262,0.013183166564618149,0.025929714972080544,0.008580490140956593,0
263,0.05104091037573542,0.044625747835537265,0.042944856166415246,0
264,-0.024993875206770898,0.007925989239248208,-0.03254445182463247,1
265,-0.012570043909017455,0.04366926183333394,-0.014608525684380185,1
266,-0.004161413534164571,0.04020798558113991,-0.062458643910427665,1
267,0.03899945131132608,0.034643416357932943,0.026231962952426236,0
268,0.004882728988946346,0.05601121390848002,-0.023759475951270256,1
269,-0.006872877771986041,0.03914547698686061,-0.03957097810854892,1
270,-0.04239689201046109,0.0070330545848097835,-0.03131009313595485,1
271,-0.05052322282680717,0.0009159402363188581,-0.002479992791960018,1
272,-0.03246194725315411,0.01402651914448859,-0.02265252878737984,1
273,0.01647907294711562,0.0393305392089595,0.006740587475853413,0
274,-0.05320604535635288,0.00044213275089305653,0.00960465581602155,1
275,0.017133897978342503,0.025983857310891582,0.016269151811402514,0
276,0.033456699639973816,0.029728238131520448,0.027540678353201384,0
277,0.03046181521084467,0.012652219083890038,0.033934385196419586,0
278,0.035822823246386554,0.022686088260102714,0.04757785621070512,0
279,0.03721539485929703,0.04512560015223509,0.026903617169786977,0
280,-0.049282358021228684,-0.0015371304761669367,-0.006611719160317707,1
281,-0.01791075525729951,0.019386015784445085,-0.03420008601604189,1
282,0.0063378914378108935,0.018375257816316472,0.020966417891939024,0
283,0.06855126815100133,0.04218213547525341,0.05410757472655056,0
284,0.00466450980676685,0.001432791685946246,0.03016773369436934,0
285,0.0029689525508543573,-0.0039402875175242194,0.009775509453407485,0
286,-0.004522654788593237,0.019685898179842974,0.007744385892989995,0
287,-0.02170928959276934,0.04108051700330332,-0.011218790288189763,1
288,0.01774679992521199,0.018322283091901776,0.023738483811276943,0
289,0.028042283409598794,0.0420810040456976,0.013613427475456377,0
290,-0.014015456747756382,0.00923512347803878,-0.07354900701048327,1
291,-0.04106842569905958,0.015091425971613493,-0.006812104314593,1
292,0.050520391146044515,0.04186128742675509,0.04241008079490208,0
293,-0.04348305939033439,0.012713541917061477,-0.002766050146275357,1
294,0.035033552590883,0.04857293716754165,0.03014981519449476,0
295,-0.04613750481065743,0.014443009972600828,0.0008524599595995413,1
296,-0.02567466676928596,-0.03138244458369793,0.01197621444588275,1
297,0.00297242872642455,0.043742079972718236,-0.05076136279544391,1
298,0.07170257737806855,0.06172041736734411,0.049568102250992695,0
299,-0.03955675791874223,0.006174471252940294,-0.006708678579807208,1
300,-0.01669386911753457,0.0183991900031275,-0.038677965756092184,1
301,-0.011825823584557313,-0.01799872823990709,0.023371486389375733,0
302,-0.03866566977414361,-0.026541357681127194,-0.012341158711276766,1
303,-0.05312637776609278,0.013519308870599392,0.017480281549564155,1
304,0.044927751556794994,0.05556395227270207,0.02180518620480506,0
305,-0.04058593901144357,0.0005995139548638238,-0.03118084495560203,1
306,-0.005899695960007172,-0.015843713944401344,0.0024992987009457407,1
307,-0.016229475541672228,0.032238762747832585,-0.02432077977288459,1
308,-0.02145971060450876,0.02671421479686508,-0.03328498934908668,1
309,0.013380746887790253,-0.006175795445934741,0.01977173386101002,0
310,0.0403765772207802,0.029134592770464783,0.03502409422775972,0
311,-0.01581039441613721,-0.027740895178651068,0.00870738039687938,1
312,0.012226612444222114,0.01046925981474703,0.009680289533232507,0
313,-0.006939167859411858,0.0738889889193875,-0.00787977770658162,1
314,-0.0032758575291797452,-0.01530290408259384,0.00890547424776601,0
315,0.006263994420351572,0.008276847470287898,0.020874430218403305,0
316,-0.006811701401770568,-0.0032750075891292986,0.016498900246201213,0
317,-0.03691500987516212,0.006119483178993221,-0.02284144717358557,1
318,0.007752035342589513,0.053437292199391286,-0.04242788391741772,1
319,-0.03645394102867352,0.0006752537100483777,-0.025843083470219828,1
320,-0.03053241051496643,0.01580523244243389,-0.026604394532953057,1
321,-0.035886610668081353,0.016218218967320407,-0.006721027814941663,1
322,0.006195940858751292,-0.001553397662684497,0.025028113871572895,0
323,-0.01138226156551327,0.03715341083890027,-0.042395503070716975,1
324,-0.022278244614340727,0.043900790196788775,0.004971642340964758,1
325,0.04706157334967953,0.042281376664734215,0.030922943206958098,0
326,0.03484013470266027,0.04408569482247625,0.016761321982454024,0
327,-0.00553786302878986,-0.010147142653345344,0.02282020327348308,0
328,-0.03948490244355216,0.01592357187765199,-0.0009984051846995258,1
329,0.01409412240932556,0.02015733093680164,0.018063025113944697,0
330,-0.045655130355649554,-0.006696553114303934,-0.010822852982112335,1
331,-0.023912681918429005,0.04265937490321625,0.014418338552105368,1
332,0.03157537741618376,0.04192840376536643,0.029813421560239826,0
333,0.034784928234541705,0.027377053444517338,0.03308789060924137,0
334,-0.020119500896074977,0.022408539937504746,-0.03630487611587735,1
335,-0.04320590418244717,0.02868044925604231,0.009466772308609392,1
336,-0.016195414219296104,0.03563042776079311,-0.027790231256691396,1
337,0.013566018687842735,0.016185777633785852,0.014669263886443882,0
338,-0.024793959363930432,-0.014500218731037882,-0.0009909154205488219,1
339,0.06025514834534266,0.0532132418914594,0.03939825368115955,0
340,-0.020189347725777435,0.01880189368415027,-0.030987936087745076,1
341,-0.010917385337274361,0.05207996459486862,-0.016932317279891324,1
342,-0.007278809324405074,0.043567781976755184,-0.02767707332844684,1
343,0.06219072761852727,0.06458946341803563,0.05396964550977642,0
344,-0.02996390061286333,0.02789105909009167,0.0016795786664697363,1
345,0.00505837952731654,0.03292812515606358,-0.0009486448578454857,0
346,-0.013386841605532825,0.03848392779869252,-0.02619314833168046,1
347,-0.018080827544572995,0.04815360852467778,0.002072727440375073,1
348,-0.022865631389427203,-0.001844281792952376,-0.04605768126109006,1
349,0.04685125443278494,0.05271975942795579,0.04236492399777732,0
350,-0.0408979993126389,0.0006049377659847416,-0.029492899766180143,1
351,-0.006846639333694852,-0.02095103966172644,0.015530544303910961,0
352,-0.030027562107488755,0.004666913229326771,-0.03381812157414301,1
353,0.024466354172602976,0.02395288155537082,0.023605674380713634,0
354,-0.05575213191604085,-0.011034441309533516,-0.017413319202104666,1
355,-0.006564202348847434,0.06379575111157375,-0.013239464104586754,1
356,0.04482398262625519,0.042001553852374696,0.03222227349133498,0
357,-0.037974370244479104,0.023760141393883782,-0.00039854421260353306,1
358,-0.03764844625858282,0.026365467460351507,-0.003756578876653486,1
359,0.026775973449915728,0.02051972505699715,0.04068564907450112,0
360,-0.002422064035932881,0.02243500988075747,-0.06871132654094668,1
361,-0.013498118174648565,0.0357285031868843,-0.022466305574817963,1
362,-0.020751791970456672,0.030824645325727436,-0.033291067053799715,1
363,0.050491743092817926,0.05987270659043806,0.02984999949123192,0
364,-0.012183720753840813,0.04440158553283671,-0.011720205369310758,1
365,-0.013204742650211316,0.02200022306669847,-0.05296057713852265,1
366,0.004719498403931692,-0.02516867205922603,0.024919476705153567,0
367,-0.019200096141654466,0.02759635762026615,-0.03139777290544266,1
368,0.008840027825987808,0.007180219620073495,0.020759716541487835,0
369,0.06291126351210545,0.06413534567748974,0.049178247218603484,0
370,-0.0377866609144202,-0.014699093256339925,-0.061788139182283854,1
371,-0.016118684027771252,0.04539759730932595,0.0010105264968681674,1
372,-0.02548521593923233,-0.0020259395930798483,-0.0392596712967133,1
373,-0.0013875600258699042,0.030154463462328078,-0.04336564241487613,1
374,-0.004085619437350869,0.04300233573794665,-0.023193325154644125,1
375,0.0012914808830082711,0.04468584346349924,-0.05478810173481516,1
376,0.010504224250973493,0.006120195205533027,0.018569072549764098,0
377,-0.02331820416661243,-0.0018214042183763554,-0.050962433899478986,1
378,0.005932543214629192,-0.01015658647583349,0.024344757197699747,0
379,-0.0008321985026854024,-0.006972249550340707,0.01929274242739914,0
380,0.05696636545777776,0.06983777357660208,0.040403129878124194,0
381,-0.024736595305624602,0.011180203723482602,-0.025800885173159913,1
382,0.0004433973935209744,0.04735358151252265,-0.03737036028032291,1
383,-0.02909232375781661,0.03664686985821872,-0.007582867437188843,1
384,-0.019157430594543987,0.008398981697588367,-0.06544431390774785,1
385,-0.042252354259763605,0.03146500756442526,0.01231722759142462,1
386,-0.04011018802017973,0.006572124405878899,-0.018379670311858925,1
387,0.029203243718697997,0.05367063496107778,0.012662710054883015,0
388,-0.042837400810636,0.01942831099720073,-0.0006647678957573079,1
389,-0.01084170441840698,0.053725296228423355,-0.004250139176860466,1
390,0.02850042433341086,0.04686265432120546,0.013911462675232352,0
391,-0.017862917450845707,0.03878273107093709,-0.008940396266855272,1
392,0.008355891973837072,-0.0027072546787151584,0.02328977709913489,0
393,-0.0006848814497773512,0.0388954445796488,-0.04501235858545432,1
394,0.020281920056840395,0.032717306006315665,0.03224252697662473,0
395,0.06612936104460092,0.07430347616476753,0.03684666542701874,0
396,-0.00879031642300084,-0.025499000011895423,0.013620799245398585,0
397,0.06042064741638276,0.05915080215719347,0.044566024792032186,0
398,0.014412816186599458,-0.0012823875554730884,0.019017513457155168,0
399,0.013976127724652903,0.07117658657905043,-0.02789033025734955,1
400,0.040737766595585145,0.04543930883867809,0.024468968704982386,0
401,0.019866525577454535,0.0401005661794274,0.009019713001000037,0
402,-0.037117260561186416,0.010812574889245145,-0.0066920766308912576,1
403,0.03291080740014699,0.023499500380752013,0.03382229367271992,0
404,-0.008531152906624543,0.04892979580403163,-0.02439266255699154,1
405,-0.0049794183159635325,0.04772425800137741,-0.026440435239692753,1
406,0.029806495188380203,0.029485081707233494,0.02999818430781808,0
407,0.022965753788121556,0.009829992403798511,0.025648822702874944,0
408,-0.012707152228952114,-0.007543000633145177,-0.007088118450800039,1
409,-0.030251274797167913,0.013942735103563817,-0.023439774049438665,1
410,-0.03628355877465516,0.0066707326015237696,-0.013813564229591532,1
411,-0.030145044110369248,0.03664197018907162,0.003046394644462912,1
412,0.017375161699959053,0.0011042781968586158,0.017166259716193073,0
413,-0.014425588064228575,0.023326448935993144,-0.04554544913694037,1
414,0.02948879221562868,0.022668627833537593,0.02962824860032001,0
415,-0.03673128371647009,0.008498507275432715,-0.017388935508280072,1
416,0.06918859714941206,0.0658214277735933,0.05232004968509891,0
417,-0.013503272612153483,0.046407772258447964,-0.027209679550953336,1
418,-0.02756776806799352,0.012893387111843131,-0.03821571300452607,1
419,0.0391652476365328,0.02456309093001599,0.04053223316239477,0
420,0.0019246535074972453,0.05784391671161789,-0.02579796065631225,1
421,-0.013563754224033478,0.04900759681511381,-0.01033591636299728,1
422,-0.03758272228592402,0.02472668557144748,-0.005759426874379901,1
423,0.019431022838465886,0.01898773181705257,0.01979462172341434,0
424,0.0011138009401485632,-0.005420166314556214,0.009905912897987108,0
425,0.04093087371016313,0.02058504108542841,0.041061479405997206,0
426,-0.03815750860586376,0.022160211834128907,0.00046915028608931147,1
427,-0.044687681631181954,-0.02327558159612838,-0.04224354261669732,1
428,0.05266245876473586,0.05042306489881354,0.040162285357585946,0
429,-0.02516084066555983,-0.009520749200770773,-0.07244276061691601,1
430,-0.020992469878027862,0.018842462008722922,-0.0337803924702286,1
431,0.02301664382953991,0.012884410977743711,0.031084157038479488,0
432,-0.045284584267809576,0.021690965912474734,0.010879536741630067,1
433,-0.06668112080820505,-0.012947242062262474,0.005441073691403496,1
434,-0.04329739747325271,0.041384580979651746,0.04092680114286529,1
435,-0.01673538550165327,-0.0200530342350833,0.004379830341825695,1
436,0.014435924363551598,0.010675735633917383,0.021298992394906686,0
437,0.010047225740920051,0.022659033290135022,0.00492303302403705,0
438,-0.03724366558578498,0.017806123716877845,-0.0013925575939427236,1
439,-0.003299520998901455,0.061240671578366386,-0.030352695487468242,1
440,-0.006430985513468755,0.03260542468107203,-0.03545500322888351,1
441,0.00628065471539306,0.006222396252018841,0.01696021344347981,0
442,-0.028023190145013113,0.026867118354350756,-0.0219831810595669,1
443,0.019294637582952356,0.004635386262183488,0.04163071565443194,0
444,0.009133499916772097,0.005927502440889665,0.02604869161657175,0
445,0.0511715154717407,0.04086548748164265,0.04548709199544824,0
446,0.01056366008875095,0.04316716663468076,-0.07023588300299745,1
447,0.03197726044417385,0.037141509174119014,0.039667079903827146,0
448,0.007367547722316292,-0.0041650703314606765,0.031637238596638105,0
449,0.03622687770845476,0.030893478939674573,0.03745583926861857,0
450,0.04672934976048802,0.04264639199111487,0.044178824349730555,0
451,-0.02316303357517611,0.009384939001868025,-0.054995669360655426,1
452,-0.031670261546259834,0.016473486352369848,-0.03691697134083132,1
453,-0.015233636488332019,-0.01848541620224954,0.008907664092726687,1
454,-0.01098178305969801,0.03870501583195048,-0.030298453292211328,1
455,0.053566893599974574,0.052403730156008084,0.03652289409870895,0
456,0.00803937152292044,0.05213895987448404,-0.053866507704144195,1
457,-0.03317950886163972,0.01585771895423776,-0.01188621653210793,1
458,0.028952821568189208,0.03279538766087441,0.02930754312713607,0
459,0.049984336702348975,0.053602708560887675,0.035856893088306016,0
460,-0.023654612818441393,0.0076214343849534735,-0.05027920274212788,1
461,-0.05046842386394203,-0.0037591028591132778,-0.0036452686529955627,1
462,-0.0342048241012963,0.009300010080243303,-0.02310202433708352,1
463,-0.013250354167826887,0.03816598426550754,-0.028346914643037152,1
464,0.0030219004413744002,0.00542939756914662,0.016655687273432664,0
465,-0.03668092257653045,0.019836633578810058,-0.0011861283496753775,1
466,-0.02844298140997858,-0.000707991366910275,-0.04424912437600144,1
467,0.020098944252520252,0.041956524935746024,0.014647185554075324,0
468,-0.026964064734902368,0.042081349479635675,0.011270237602296297,1
469,-0.018195103730417123,0.03300873575653732,-0.007262590169782265,1
470,0.004575260345454412,0.038600475939498245,-0.06234432849644392,1
471,-0.04072833467614179,0.018079242559035077,-0.013525717792104618,1
472,-0.008199472983575382,0.05604781299325834,-0.01676617411751743,1
473,-0.006851532312872982,0.05782161332748146,-0.012226739538284338,1
474,-0.03832949246001166,-0.006442433205288092,-0.025330370695561304,1
475,-0.002746701964068593,0.030868688206870543,-0.0729710540551447,1
476,0.019678936897676007,0.013116006491447927,0.025528704337234226,0
477,-0.03765350750173504,-0.016652721718127074,-0.036445173558637,1
478,-0.018872302474884424,-0.02862948414840123,0.013461805422270367,1
479,-0.012750514480725896,0.024624685781919724,-0.06566974612100271,1
480,0.020059765161623447,0.01753567371433592,0.02586972229195583,0
481,0.03420652104084936,0.03456283436337841,0.025477241332750016,0
482,-0.015854725440532614,0.033856512679678034,-0.03477315851425299,1
483,0.04309634019044529,0.051558437674367755,0.0404530558748015,0
484,-0.04401170023461086,0.0043911087359080996,-0.02345093393747581,1
485,0.04212525225488761,0.020018045000488826,0.04887796313278078,0
486,-0.042599251574341086,-0.00235212054947971,-0.03396562863238707,1
487,0.0017289711941808512,-0.022997705781669524,0.024793560907321505,0
488,0.0708491183254173,0.06734925454591945,0.04266287494387698,0
489,-0.02535743561901384,-0.02315426992260935,-0.0007755125957130834,1
490,0.06784665351219364,0.07653819240572868,0.04614638510836196,0
491,0.019952910171962886,0.0410681469881471,0.01861302244164608,0
492,0.04242117377907306,0.026616651580223024,0.04496341444177193,0
493,0.03306036247102354,0.00608284726716151,0.04407052716443634,0
494,-0.033281552189609286,0.005509525313958852,-0.03333915637830751,1
495,-0.017077494763125235,0.007141166414827073,-0.049723971760073926,1
496,-0.016285464330055628,0.03178793401452733,-0.039879440534911915,1
497,-0.018948850773626565,0.031873718731436546,-0.02085829520634684,1
498,-0.00756605788991807,0.022784179368126822,-0.05999983045403509,1
499,0.014943833791450952,0.011868818665606946,0.019212105341503916,0
500,-0.0016098288011102758,0.015246881029381168,0.00918062594942235,0
501,0.030490002451584564,0.04504874124603959,0.021961138449342953,0
502,-0.004360973702222284,-0.011927573126830853,0.019210052533378694,0
503,-0.02032676177381731,0.02219937429352751,-0.025053240289461758,1
504,0.04896596152386303,0.050728374046955176,0.04233209182672509,0
505,-0.044978548298028394,-0.012307078859535515,-0.030488872731175235,1
506,0.01837624683153406,0.034171060417236,0.020628488015283882,0
507,-0.02077991353327044,0.011356267355041211,-0.03963002435410128,1
508,-0.039676722120113556,0.011220164858262762,-0.02041840237712847,1
509,0.042714172268912394,0.02146499348483419,0.047228508022228756,0
510,0.023280316838219173,0.007627657335784269,0.03517699977527799,0
511,0.03877535940584866,0.03330117457074067,0.02976636693149211,0
512,0.021881253312955005,0.0038631953655141747,0.02605849590568382,0
513,-0.0001896019809596951,0.05087302973371917,-0.03889882852237535,1
514,0.02188845232068562,0.028601202083700206,0.003032164023114536,0
515,0.03007124783226383,0.03513364464691324,0.017100872521327717,0
516,0.03955715207621111,0.023078889431922836,0.039380855817854374,0
517,0.0329891631560285,0.04041160384015016,0.036106885527445134,0
518,-0.02501431835575733,0.00983802238153837,-0.03544918003731792,1
519,0.00690929152935234,0.0011715846514273119,0.02160474473919843,0
520,-0.03648120061791414,0.005281664518916599,-0.022545548060868677,1
521,0.00043352328532296605,-0.016426426805935368,0.02377822639981552,0
522,0.01658066248298297,0.045502693464854645,-0.06003045497847385,1
523,-0.03262540088164428,0.010888024269210119,-0.026724889887317013,1
524,0.05090457717285116,0.06936178290044154,0.027112431848761186,0
525,-0.029023797058560865,0.013263563647093909,-0.048441126287344316,1
526,-0.035144669948229006,0.006322973450855393,-0.02370021103282733,1
527,-0.01605103613128056,0.049948842249825126,-0.006727338479009887,1
528,-0.002105502388644859,0.05081041648408179,-0.03143389192153446,1
529,-0.03832555004938071,0.01451487733372324,-0.028826135393521565,1
530,-0.0355174961844078,0.0019873098907831404,-0.03706511489733532,1
531,-0.008678112753537264,0.0059808387502495,0.00026886868802305304,1
532,0.037776386381596555,0.04251675208931423,0.0357152106453163,0
533,0.01754168076746646,0.01979222196862715,0.023726553127250326,0
534,0.02570956051602726,0.02897828357247923,0.029804147198456973,0
535,-0.02762841067925607,-0.0006689305363794097,-0.05504791339103327,1
536,0.020087066303792,0.029982199958474894,0.018237004295394845,0
537,0.04032624609628868,0.04960857288778618,0.01205559330991969,0
538,0.028211862145433798,0.030735867398857045,0.016827427589942937,0
539,-0.02491168920130521,0.03415698255201331,-0.005207165347080378,1
540,-0.037600625467433965,0.02618816171767443,0.002604826056443443,1
541,-0.002948317952581137,0.046167083285539826,-0.03355612215313606,1
542,-0.013355667048719997,0.030282736748927883,-0.04375160951117773,1
543,-0.014326445735071592,0.018903360153052415,-0.04630140340803247,1
544,0.004068786876017952,-0.002897022612568851,0.026605908812058005,0
545,0.02451526525277103,0.020445411674066074,0.03016375376421321,0
546,-0.0037353822942961462,0.0075475576120976546,0.014133368092270893,0
547,-0.015734403744254534,0.019067510613042515,-0.018187997885367964,1
548,-0.04472721058776922,-0.00531551179838377,-0.030511752985419523,1
549,0.040332411382755604,0.0338847904110249,0.041916201947886415,0
550,0.019943847131413703,0.024650496121899935,0.0027023959967534487,0
551,0.008710825851245371,0.002945261504585,0.00923923636719659,0
552,-0.03841047061064512,0.008311020513000233,-0.010429359228296632,1
553,0.02721672440313265,0.05447278228241257,0.020823827113300716,0
554,0.02888603810146948,0.008353508048197919,0.04230342846854457,0
555,-0.04336401283344876,0.045111470746172055,0.026864588261027004,1
556,-0.013542574349583109,0.023848304229468962,-0.048484460050571804,1
557,0.009148616406514487,0.020586537438730044,0.006560419893563926,0
558,-0.00537047747205276,0.019920217592711925,-0.06134578391934472,1
559,-0.00786876060387505,-0.0034348260406180907,-0.0003933019759844776,1
560,0.014136613002229705,0.009084145088043156,0.02094321299838607,0
561,0.007224291040354752,0.06917050589733531,-0.02140914098207691,1
562,0.0621983877539834,0.06294475469255699,0.04286533405724657,0
563,-0.046753994198740385,0.005042805083403464,0.003657435807276484,1
564,0.01771534479796275,0.0057061057799686005,0.02974576766019382,0
565,-0.013658231591263116,0.04430952456966209,-0.022765245820224416,1
566,0.0033170330338651785,0.017143517146955393,0.014437911219770313,0
567,-0.0237789467943514,-0.02480551939665187,0.008434110424882986,1
568,0.007803724637158233,0.008972236610665754,0.010929646778635605,0
569,-0.05656820404149791,0.014998709671653895,0.03216505769292986,1
570,-0.0020233078952054473,0.007535881957973136,0.011005529736580881,0
571,-0.026726989035173804,0.031518167353808614,-0.026935690134756517,1
572,-0.03915916103999755,0.018540802969264646,-0.0110703383323976,1
573,0.027878691924004866,0.02128758288568411,0.035788367201235204,0
574,0.029027317987328796,0.032159269636224556,0.021058272513303996,0
575,0.038417144088213485,0.042730834554067704,0.029510718581003136,0
576,-0.04439479001913916,0.0025220330514707854,-0.02074297511626234,1
577,0.029915771483346454,0.027116286378084616,0.03579709615135705,0
578,0.016710967381423143,0.012982119723054398,0.034700079318459656,0
579,0.06294549066802907,0.050337157113602864,0.05100145823584526,0
580,-0.02869666426401811,0.026919054139665496,-0.017531223704474373,1
581,0.044855801760332464,0.05631490508699587,0.028810666398877638,0
582,-0.02001129158215185,0.03203390058617973,-0.039131557121084924,1
583,0.009165570568940573,0.007055522311442721,0.02270548958953207,0
584,0.032541205782260545,0.027124571558085335,0.01942031781788259,0
585,0.05379230791379092,0.05045648411337119,0.03477454726008245,0
586,-0.04318362970067185,0.008223041587475496,-0.013145434446170176,1
587,-0.026469032002310208,0.03941286338298398,-0.014978856833820582,1
588,0.0191935438895271,0.05234125278283173,-0.0649781066322903,1
589,0.020774706709969698,0.035419792664866695,0.005022594231725969,0
590,0.026216623740847954,0.02773384245024721,0.03653629653493708,0
591,0.02968014393480235,0.03882162314446391,0.02627924839621085,0
592,0.010354780768654351,-0.008228614205050638,0.032150820190664016,0
593,-0.03228204003792088,0.004794171546851068,-0.0351756688332679,1
594,0.01772277814610821,0.012617478199133465,0.021211887081350484,0
595,-0.025046811449778984,0.029595022084783543,-0.013625012377154478,1
596,-0.001199495605037786,0.002773188241803141,0.005889026112089189,0
597,-0.026166874270076787,0.023619446459892595,-0.006910017932574476,1
598,-0.043637667430450146,0.006181799297219148,-0.0159908150133376,1
599,-0.00664474076195713,-0.020291850622800877,0.0229864745081626,0
600,0.006249179728806067,-0.004219278411911198,0.018803299106923348,0
601,-0.029683635756077516,0.038143286542758156,0.007388040666216309,1
602,0.02949699775840152,0.024439319599538992,0.02847097841913411,0
603,-0.03030042908880793,0.01153370313279034,-0.026135044874762328,1
604,-0.019084562660795525,0.004736798459923394,-0.06310957415253138,1
605,0.03762157510865872,0.031950887363844445,0.029676373650823082,0
606,-0.007259793356402787,0.03467173995780434,-0.043836958478955586,1
607,-0.023295372381610984,0.013973523287957198,-0.05314452554409389,1
608,0.05947986806868562,0.06635997731417036,0.043662813349366066,0
609,-0.007996074551156104,0.04505713861076406,-0.034750921232945736,1
610,0.0032884707072097386,0.0543361685975342,-0.0349731332636007,1
611,0.025057724797673916,0.021721592050102673,0.04017133443637414,0
612,-0.027654345369898095,-0.00010298417948431616,-0.03641956928539606,1
613,-0.0007424589000413639,0.032095005213763815,-0.048841765430257096,1
614,-0.0007385201651420422,0.06082508072386153,-0.024843828662337957,1
615,-0.014484117614981085,0.05076433461593308,-0.007787840698282965,1
616,-0.04660840493797908,-0.00013330951731623937,-0.021718808396890787,1
617,-0.01516254377538711,0.02120573604443474,-0.03325768242464041,1
618,0.007873500293483056,0.010799812732844302,0.015712799714155727,0
619,-0.011712028752207997,0.00610851289747208,0.0054540899837045576,1
620,-0.003348601108380963,-0.02404459614713121,0.028673243493114373,0
621,-0.013598517501325421,0.041488416128920055,-0.029540175209728507,1
622,0.05641299692539894,0.07119680017532588,0.027788123340652,0
623,0.024768377918692283,0.02709770130895687,0.03393308175963658,0
624,-0.041612095533704464,0.01683044451879892,-0.006491399634958659,1
625,-0.03224241770755539,0.022328121152731625,-0.020226452534397706,1
626,0.07296974881572311,0.07021669466271242,0.051510609482164085,0
627,-0.007040538349638312,0.03725517826796932,-0.04565719959800883,1
628,-0.002300979239403691,0.049728128162873475,-0.03388153388122926,1
629,0.04555345261513886,0.04843031780822102,0.030331709487702137,0
630,0.04122555087686564,0.06812654384673299,0.033830055793136,0
631,-0.06533813641186915,-0.0017586947618255452,0.023258251251671466,1
632,-0.021564143888404566,0.018672956426697824,-0.029170362948758563,1
633,-0.06582064760509877,-0.0018945423991609547,0.005342864806153813,1
634,0.06128675088672721,0.0500012433225111,0.048344501916407066,0
635,-0.016948124087785586,0.029563033173903776,-0.029446069033334733,1
636,-0.060021891844163684,0.003980091765541827,0.03142268985685023,1
637,0.021541889301154,0.018894730390808342,0.008539631325706842,0
638,0.04050134286269294,0.02855355188982209,0.023214364520141216,0
639,-0.03448315821022905,0.0012254133408260242,-0.028185041931031454,1
640,0.06803327871321832,0.06862531813650988,0.034746880224435846,0
641,0.014211942187858102,0.06709982178609847,-0.03706742901879731,1
642,0.0038653308184201907,-0.0004999826449196536,0.020542076935268834,0
643,0.0659160315645522,0.0636023791929232,0.03223993860048698,0
644,-0.01593600414300928,0.020585215820202365,-0.04422942964253948,1
645,0.016235266079697365,0.03840545758020027,0.004421104295810073,0
646,-0.047430328963901626,-0.008773998338394698,-0.026881336741025944,1
647,-0.045433031543652594,0.018918051428309487,0.019628847102674277,1
648,0.035496806274372975,0.012541349856241385,0.042370988088182994,0
649,-0.01677832404306172,0.03941000830987231,-0.02559464164335612,1
650,-0.008959007310294953,0.03323049512044516,-0.048297828378730916,1
651,0.00024517106811428475,0.00403008947158082,0.014389872250156541,0
652,-0.005730373289111801,-0.002503809130545166,0.0012727759057600918,1
653,-0.024998873194728176,0.02571008700545805,-0.013519680329718873,1
654,0.0374547803177783,0.025006268972844838,0.038082843795734254,0
655,-0.0222837818823286,0.02226376227855879,-0.024530401054109717,1
656,-0.01383048184968008,0.018353385404594514,-0.04231365599967778,1
657,-0.030618159397845766,0.016851942989367076,-0.01530530742633409,1
658,0.017660094497359707,0.010609730473692798,0.03399998217306636,0
659,0.027097582780146394,0.015417178684078036,0.03452233914629103,0
660,0.024137326026570646,0.023464721806022167,0.02196926155048773,0
661,-0.05193056348833757,-0.010806687514386706,-0.019942705021068936,1
662,-0.01199658440348536,-0.015255517456561942,0.009109590474186269,0
663,0.03826434904265661,0.044949061168515825,0.03705818866912399,0
664,-0.03311653083586542,0.00288127817587498,-0.017240986407885045,1
665,-0.04241548516730119,0.005714533826148209,-0.035385753688145796,1
666,0.01656752753439716,0.013744295660463451,0.03150715026946585,0
667,-0.0510454285820053,-0.005707557831180468,-0.021123665952296897,1
668,-0.03155227814473013,0.02887819641386,-0.0071167353592612795,1
669,-0.036174049704365906,0.015439007145591823,-0.021595646416492902,1
670,-0.009202051509075054,0.03088453352335692,-0.04782013491614506,1
671,0.01709645745416408,0.03439588591548504,0.006150563799593537,0
672,0.05252141042998242,0.06017043521328619,0.02835764762396895,0
673,-0.014022317981030725,0.04576406112637136,-0.005337691618585237,1
674,-0.031922712850001055,0.00788053325849053,-0.0221085587846174,1
675,-0.055726252008187344,-0.034117430281517404,-0.03773139516223562,1
676,0.016093037763519,0.020271776499998274,0.016582826009497606,0
677,0.02108903940947924,0.019590771697985638,0.03283437357866059,0
678,-0.03360681333913122,0.031679735665431544,-0.018677414428738954,1
679,0.018877037830705882,0.004404462646640752,0.028967605509397743,0
680,0.028504722503323688,0.01838382826163563,0.030064917826565948,0
681,-0.045104306489738566,0.006736517649655995,0.0034063746088497243,1
682,-0.013239876409432702,0.03966501888235991,-0.032680719231379725,1
683,0.009500322078348738,0.047347889537566565,-0.05880895912329823,1
684,0.026014797964468563,0.02249724518821916,0.03462892068521693,0
685,-0.028888054095276894,0.017990101961233632,-0.023331018718945544,1
686,-0.012066214045551377,0.049526142000167486,-0.030609417966267496,1
687,-0.0213851844805292,-0.0053791667190276615,-0.07290602012129752,1
688,0.032134825191937555,0.03277595379930618,0.03688131944475095,0
689,-0.012362725710035653,0.02508867450518661,-0.04072710149804271,1
690,0.013282139754714747,0.010881930096514912,0.020561638890597544,0
691,0.07149654149269483,0.04725642660890894,0.0583029127517465,0
692,-0.020732110259268837,0.036879259241961164,-0.017745201151379234,1
693,0.030013184779831694,0.027106448648714105,0.0334964026343368,0
694,-0.029739146973159315,0.01141193498099746,-0.018554462860535532,1
695,0.024367045998543602,0.033920497803118684,0.01427123061776227,0
696,-0.02575001698553905,0.0195844809492,-0.015605071792541237,1
697,-0.02382314761898377,0.014230238545261273,-0.033923477805543244,1
698,0.010706459967774657,0.0037952629463404207,0.01815406722887821,0
699,-0.025048343684996626,0.04226013414423511,-0.0033476913660793308,1
700,-0.03313305616858672,0.00708410793059577,-0.02824207447600298,1
701,-0.03141840626864918,-0.030529573987209183,-0.0029553731722208004,1
702,-0.012480417431056729,0.03257618434243877,-0.0447157719923595,1
703,-0.030788005812089056,0.014901813361857912,-0.01967706732390573,1
704,-0.0499716991604957,-0.01087270640461182,-0.022168357935630392,1
705,0.007376239501933128,0.048743556573304626,-0.048614311159275385,1
706,-0.01995819560419386,0.025743766836187485,-0.03392020795450597,1
707,0.055946680714471134,0.0663452146385473,0.039119275974197565,0
708,0.023320942253725573,0.01826024943249429,0.019574916808095387,0
709,-0.0032462964415240804,-0.008744098562342165,0.013515142434797837,0
710,-0.01572327344538488,0.03977070963525663,-0.022819969635855777,1
711,-0.03931866778014644,0.022211721493624104,-0.010952465156743531,1
712,0.01929133050156671,0.034978817520381164,0.015038392674621922,0
713,-0.03120072650185107,0.030799158033130384,-0.003019013610392305,1
714,-0.0331943800929841,0.007224008803217837,-0.018605431844854338,1
715,-0.005534761597382291,0.038689127545247504,-0.062216731963054106,1
716,-0.02918391503517067,0.018485940234591658,-0.017256764641293998,1
717,-0.029202923183616378,0.01901058434332161,-0.019997159058732235,1
718,0.027479453648163215,0.03415287094907441,0.0209093978826479,0
719,-0.006224075443044709,0.04367594095073096,-0.02475365186621544,1
720,0.035240219036119215,0.08598023582558507,-0.056572555503135884,1
721,-0.022824033448075903,0.014807346847963553,-0.028783629615544024,1
722,0.03059272823290156,0.019056330043592012,0.036619937843649294,0
723,0.024161062370501606,0.038201679276273576,0.024407252191063725,0
724,-0.043780010812808426,0.02968868116591628,0.004000312376835911,1
725,-0.001983892856604507,0.04013510055684147,-0.05873381504248165,1
726,-0.019226338947758485,0.009305367444123623,-0.037556195790900145,1
727,-0.0315997927748159,0.02039596185863726,-0.012858448677047055,1
728,0.026546139332658085,0.0253008426134511,0.02600629925458866,0
729,-0.008394686493372303,0.02804911047346167,-0.042841178671358525,1
730,0.0300398457974927,0.03080328694149669,0.034435040115087655,0
731,-0.028263162134060826,0.022232243796449433,-0.027599740171512864,1
732,-0.036814070660176106,0.014722590756822775,-0.014685789993478275,1
733,0.017259020091410355,0.015309951106330523,0.031288919122917674,0
734,0.0015398978181873685,0.028653392941888754,-0.0654985467656298,1
735,-0.0018111557924428796,0.035014711916279535,-0.04762922511406712,1
736,0.06856430389074172,0.07217172084738051,0.04908068401149895,0
737,-0.011257008443496835,0.023608654455831848,-0.03840941917406159,1
738,-0.032986541591376754,0.009282115602557433,-0.02671335174569724,1
739,-0.03179568729867401,0.03176950699931821,-0.010536813325229993,1
740,0.008527917700734921,0.02107301651163458,0.002868902607072643,0
741,-0.03537582960783057,0.026502950209204817,0.007400750961802397,1
742,-0.004566086317826836,0.03750041651360565,-0.04855338520773591,1
743,-0.06341951681816402,-0.012967470921487409,-0.018574961352290725,1
744,0.026884800204805773,0.018531847944140506,0.03208718838791199,0
745,0.037634777986749995,0.02583693411306898,0.04576439037546355,0
746,-0.006137522083272599,0.03758498730664055,-0.0429646940208133,1
747,-0.04300936813784221,0.008510189463998997,-0.0021134861452950667,1
748,-0.011095079182411796,-0.02512413500900374,0.01736471794766667,0
749,0.003835010745572839,-0.008067802719584329,0.017721171835781743,0
750,-0.027957408965308825,0.019002535309258953,-0.03076774969075452,1
751,0.01564517551547512,0.00053000262787323,0.02755166152592967,0
752,-0.009551766021733783,0.03241956770750875,-0.0534224376990022,1
753,0.003528639940975808,0.028827593524611686,-0.0729013894530718,1
754,0.024603811629695566,0.014700507113643553,0.040591427130741466,0
755,0.032113666371474225,0.027106960773459168,0.03268649019962044,0
756,0.055136073923320816,0.04187440344329727,0.055970380265591396,0
757,0.05329405895444566,0.06022842757053823,0.02833724306841471,0
758,0.046567360803697416,0.038893917671213446,0.04286029671477612,0
759,0.004233678410569704,-0.006079505370702747,0.012959110331304775,0
760,-0.043487335917976856,0.011466025294168614,0.0025427868370895296,1
761,-0.0006692196938855676,0.05137987811373636,-0.021316304219322745,1
762,0.013567861726735969,-0.00397963596806666,0.02952704312299594,0
763,0.044017305888446254,0.03844002865747743,0.042314163563161804,0
764,0.006980793881650624,0.0140735187487642,0.018836663656859706,0
765,0.035783211291964115,0.03490811914568954,0.03207512537626086,0
766,-0.01479706968503385,0.034138609988881394,-0.021638090259855077,1
767,0.055302637152186786,0.052379010151523436,0.04337327531264814,0
768,0.029151129191147995,0.019203253470532946,0.027259516860784604,0
769,-0.029995377125612708,0.018188090262763093,-0.03131323431798364,1
770,0.01397079828039682,0.005709780486397104,0.026757098444626915,0
771,0.021796508053543134,0.005977857390164334,0.03952283209311524,0
772,0.010054403095797084,0.014151425112812966,0.020712225274561378,0
773,-0.04573502343491355,0.00017503521265512466,-0.016732485003726528,1
774,0.009229428292177067,0.05017373218308293,-0.03823832411420399,1
775,-0.020293144213144505,0.04118115736768859,-0.004992878136572707,1
776,0.01844888446905691,-0.004119174741432309,0.032864842698725645,0
777,-0.010512515288776903,0.02532934806835362,-0.036883082087824835,1
778,-0.04151607061765513,-0.016777161589738927,-0.044927074589782706,1
779,-0.047565102551844866,-0.008003693996799077,-0.022622132099041837,1
780,-0.0011080955582163207,0.03852281199454019,-0.03778646387766613,1
781,-0.05422489293637479,-0.0036624329579079532,0.02259713991276034,1
782,0.013312579451220814,0.02302296943578582,0.008343744525858888,0
783,-0.02889249301770897,0.025442548783612812,-0.008139060375695104,1
784,-0.032534956890776956,-0.0021609179102236916,-0.01579977478301021,1
785,0.010862467210933029,0.035669702149000004,0.005513942115036395,0
786,-0.042313381126643575,-0.005770872824003749,-0.017609203169159468,1
787,-0.03460910233446378,0.020839282718425726,-0.01766707501961158,1
788,-0.024305946310295205,0.0417487601276085,-0.012222618091119061,1
789,-0.031395444346896804,0.013143617140573688,-0.024334122870069072,1
790,0.0321521158683637,0.008506118282801034,0.034801953341941035,0
791,-0.017002576921251667,0.02471818693671047,-0.030362274478193944,1
792,0.02446320428711516,0.05481102260443605,0.006812253803529815,0
793,0.0269391537747347,0.018553225270238654,0.03514612332427671,0
794,-0.018343267474370803,0.025602796053261982,-0.04425626308048467,1
795,-0.054226569845134895,0.014516956933350911,0.03170058971814966,1
796,0.0453956090392705,0.034617173087779035,0.03979712477834884,0
797,0.05390108960612702,0.05810057241142369,0.027465309615658053,0
798,0.0047506120326972,0.005970046966923565,0.012360544873016455,0
799,0.024780886809492114,0.04387367279354264,0.0268240741900255,0
800,-0.019295057208729562,0.011732619716196753,-0.035653566080971665,1
801,-0.04250125768660511,-0.02056391549552121,-0.04751225240837574,1
802,-0.016865818819849946,-0.003276901235839637,-0.05581671491600214,1
803,0.031421002885816326,0.013914384790153713,0.03200731253874162,0
804,0.03281753303570734,0.03078730032802541,0.018070076209594867,0
805,0.026848605813785904,0.020812180744444804,0.02785300481093304,0
806,0.03476071089859505,0.035419586221792955,0.022640462860597288,0
807,-0.04234054451617648,-0.011796661199928345,-0.0325840579909907,1
808,0.03295444391129901,0.013398860603898608,0.03098420715573742,0
809,0.006942985120894741,0.02502981011212859,0.0013819595720308375,0
810,-0.002035327308444386,0.011639381163771967,0.011144264390393087,0
811,0.010614595838972491,0.017593070713549572,0.02549480666656581,0
812,-0.02082022684609547,0.00734586770676696,-0.05209151772288628,1
813,-0.06050299973702476,-0.007935300752347834,0.016739020058476967,1
814,0.020961336414293107,0.00974526674244586,0.02016868340158517,0
815,0.004870617449670479,0.0052283207984193635,0.021765823728845193,0
816,-0.02420417945419739,0.011572150876727182,-0.03869278919276095,1
817,-0.025037435771531502,0.03340528901605709,-0.021160701613753125,1
818,-0.01654327047929102,0.020767193679739303,-0.05254842370496993,1
819,0.03823042888704936,0.05081547528568687,0.019375813407312904,0
820,-0.026969593461915135,0.021053208253648883,-0.02312547546626862,1
821,0.05479983112648607,0.03645917421429892,0.057869470522255814,0
822,-0.01709595406365358,0.006111916484669833,-0.0013166218058920133,1
823,0.04170840808159888,0.03170159741066503,0.026716324903540204,0
824,-0.036872020740689716,0.009053729557312004,-0.016373171369216146,1
825,0.053929752277946115,0.057064086861319085,0.04110311532247532,0
826,0.001486744511018975,-0.008579739338386239,0.012476685369665477,0
827,-0.016648500457909516,0.01562958481006127,-0.043929021222680026,1
828,0.06830025799628119,0.06994416012419033,0.044891638517842995,0
829,0.03762177143579323,0.036966393545202265,0.03975589649787356,0
830,-0.010288035128831792,-0.02206594682013617,0.010392183056919671,0
831,0.035498856993845376,0.02525468874291383,0.037713235878629715,0
832,-0.03027425492708552,0.015024097936495381,-0.010315988328769213,1
833,0.006785179499595848,-0.005273310763833486,0.03200072147187671,0
834,0.03241026189589337,0.027046041631798124,0.024021145951348147,0
835,0.044857164038875415,0.029753673424787942,0.03921646059199749,0
836,-0.01032407392922525,0.042124495348234016,-0.030817096939118552,1
837,0.03890632964676434,0.026724831938219073,0.04442227212512385,0
838,0.0075923156300175,-0.008553804008610196,0.014411016635709217,0
839,-0.027546607304035187,0.022328851418932403,-0.02171825979734877,1
840,-0.03837392550182662,0.0034420418616279954,-0.020832341298350137,1
841,-0.040746016085474526,0.02577362203728522,0.017273564914743175,1
842,0.0298090026636207,0.03373984902188682,0.01695398510376184,0
843,0.07790986866168931,0.07085087057463929,0.05892033466223764,0
844,0.024384700781286614,0.027796188311268816,0.029852768330499525,0
845,0.016383919270673137,0.008758793566142984,0.02134076787757462,0
846,-0.01968995573292607,0.00901049983431517,-0.04270897924514744,1
847,0.0022507270828113716,0.026851958595137258,-0.0703173597673434,1
848,0.0035787736108202034,0.0176080979497415,0.011303667657808759,0
849,0.021412408843280797,0.009740266412610377,0.037569530471244166,0
850,0.028415264631332305,0.020000814778751128,0.04062450879767747,0
851,0.024100471221143994,0.030829220804470436,0.012051099470215623,0
852,-0.021716363186800133,0.008056202700315393,-0.05068731142064656,1
853,0.009173269450858626,-0.0005594760397013775,0.016462608052135872,0
854,0.053965183092138505,0.04183462968872883,0.048652524361161416,0
855,0.009864236563910863,0.004916848947562503,0.018972751935709888,0
856,-0.03749375848911136,-0.02801817801094624,-0.06674346110604207,1
857,-0.006283148442383257,0.03157547849509824,-0.04712442877001623,1
858,-0.0077216301611837766,0.04310178188299634,-0.049455883633614424,1
859,-0.0023812479868649513,0.07471183254202614,0.009666719925021222,0
860,-0.03411202674495774,0.0070648817745361785,-0.03237479908784835,1
861,0.009113602575500588,0.04887207459506342,-0.058042233745937886,1
862,-0.019438582195190252,0.019444200043306572,-0.046327438242037444,1
863,-0.038210762841368075,0.025722973676134058,-0.013240731497321884,1
864,0.02797955014864055,0.006561614985347237,0.02861983178195546,0
865,-0.03135293418070645,0.004555615949797309,-0.028030604709893818,1
866,-0.0014860155045699887,-0.004475016009556903,0.014562855266310676,0
867,0.003447404607763427,0.0055297404912145924,0.01699865629148317,0
868,0.008450181011779072,0.006647806098227471,0.013875136695844205,0
869,0.053443832476463074,0.04511749809250399,0.041898354309874764,0
870,-0.03789391357591686,-0.03262061914050827,-0.04697028348966939,1
871,0.01562653841280391,-0.01029022588674341,0.02954533599621342,0
872,0.006906506481961424,0.013688281766226381,0.01652311189559343,0
873,-0.025623284028235882,-0.024926486875556642,0.0003759008050400742,1
874,-0.030443991344740608,0.003519120214786399,-0.046837471223425756,1
875,-0.03555038124006567,0.055266871031696356,0.025679202341323953,1
876,-0.04816426317443148,7.078757428320027e-05,-0.004727236470372998,1
877,0.007068847532774578,0.0020201310617086452,0.0251740576157906,0
878,-0.028257122563834662,-0.01029085633177848,-0.06795816244287349,1
879,-0.003369110885141446,0.02234511765041549,-0.06542389949010954,1
880,-0.05854254729156708,-0.007038099503871981,0.01240818696327818,1
881,-0.0008994378947292744,0.03535372837861579,-0.04185586869973589,1
882,0.03376877814502054,0.02133835074631728,0.04120894687748174,0
883,-0.01403090699389695,0.02973850208435858,-0.03802994931128892,1
884,0.022417113740088066,0.029526215748732165,0.01611774241483676,0
885,-0.02413797801036315,0.02904670610499738,-0.00893053612373906,1
886,-0.009424102255964172,0.05407802501565583,-0.033331887284016065,1
887,0.03457356317523292,0.03255376409235013,0.04051145732380703,0
888,-0.027132947505353448,0.01782430747831362,-0.025425013730403265,1
889,0.06571572808871048,0.04739936649033479,0.056367528839479514,0
890,-0.03076597060019152,0.02386296923241875,-0.018350378474783567,1
891,0.006790793718050877,0.05702311072344602,-0.04067629977591539,1
892,-0.006455386147944535,0.052866909167780037,-0.028085467059196696,1
893,-0.01886574892454608,-0.008157508078537485,-0.003534932215158624,1
894,-0.015268795430018606,0.02758678794147299,-0.061013276982791825,1
895,-0.0181210745015685,0.023089555469753473,-0.044721996678045536,1
896,0.042053066239793394,0.03753646116512675,0.04542333789410309,0
897,0.03490441271155956,0.019257099242105825,0.03742288123314119,0
898,0.010975900876289567,-0.00714847967830795,0.024054716348023152,0
899,-0.02314170370343363,0.05013581709514889,0.01088019342681997,1
900,-0.041250965464509876,-0.006652305133862957,-0.043537880807573794,1
901,0.05130088872473333,0.049907670931441245,0.03419549495100541,0
902,-0.025165192798079578,0.015198744146510144,-0.03831235450367831,1
903,0.016248188796335838,0.05508711152412655,-0.06258487237399313,1
904,0.05323753166801129,0.06841978568261418,0.02405978154512435,0
905,-0.036461993706032536,0.03583789439946691,-0.000569987590014792,1
906,0.04373515342850811,0.02901415007985414,0.048414851959195905,0
907,0.015000734856827114,0.020120382258899852,0.016199102918020857,0
908,-0.032331201659922953,0.014676508651406772,-0.013517061926765567,1
909,0.07966773865142986,0.08675355719697896,0.04034199817968213,0
910,-0.02369165852590844,0.033449044058765365,-0.016275646936937928,1
911,-0.019959289050576087,0.029271987827941368,-0.04344331673761483,1
912,0.020617711823911606,0.06200428401523842,-0.03704792051555406,1
913,-0.010993409259609675,-0.0127767343111518,0.002062600314180599,1
914,0.0258357030208614,0.01347586327515522,0.026226917760043007,0
915,-0.014704920377348918,0.02026978068868119,-0.03716018329109585,1
916,-0.023449676732074893,0.016658271111374547,-0.03123249960836222,1
917,0.0009734667233689108,0.05651199875252809,-0.030454425209206847,1
918,0.03381286696010626,0.044360292506728426,0.014000543382286847,0
919,-0.01125318988976821,-0.007532943523461335,0.013968257870036933,0
920,0.020763785266196787,0.014872518020780158,0.016853322768574493,0
921,-0.05019403013030056,-0.0067474116153456625,-0.00954429727491368,1
922,-0.007961878828179909,-0.014442403557440022,0.003036810028383014,1
923,-0.02421438937014216,0.0073893033539389604,-0.039073917192905615,1
924,0.011095965274936531,0.003435816817385508,0.018928945358039986,0
925,0.02700070875934605,0.027743647231833486,0.0218792201035081,0
926,0.025521774578089327,0.035908263497390354,0.01357415851972778,0
927,0.033757439348404764,0.03871847709663105,0.020712197028658386,0
928,-0.02348615249510621,0.025931197512980914,-0.02856745882482371,1
929,-0.005249957029936239,0.04569807864682419,-0.030111313411324496,1
930,0.02398871284611351,0.033253028002085475,0.01965194522639995,0
931,0.012817303548040247,0.00024509542780920074,0.017570556711789916,0
932,-0.0158104776078946,0.02918512573497123,-0.024993713059559792,1
933,0.04968739341846094,0.04234524437660428,0.03457843255712113,0
934,0.024197250451092528,0.03356651425054454,0.0217031931329132,0
935,-0.04261266913451093,0.013898833185188609,-0.010646983678058294,1
936,-0.021097473915631063,0.0387970127268411,-0.0031741655631692097,1
937,-0.011583641588443229,0.017855099877386517,-0.04988384037840713,1
938,0.051153014784329216,0.053228813806583675,0.04800094694188216,0
939,-0.0183394931415605,0.04002719126474522,-0.017116355627830048,1
940,0.014264192709546975,0.07307661704505429,-0.0381706085662107,1
941,-0.04419542536032645,0.0016415650302103355,-0.012845307710847846,1
942,0.05732450943827648,0.05380185724577346,0.039565580284434625,0
943,0.028794759619540814,0.01000966539053067,0.04632877724727922,0
944,-0.023982314296690913,-0.02064133893482515,0.008427447564835227,1
945,-0.01992160940879996,0.03581176724895818,-0.03102216360878793,1
946,0.022922346679654395,0.013028833185876332,0.023312466253216507,0
947,0.040526253394682056,0.019721320185033538,0.03348173340556439,0
948,0.01744448977188286,0.013777350251334653,0.02256625235690743,0
949,0.0051673297667688654,0.013513083211870093,0.01782278088086594,0
950,0.054146102325847566,0.04025665792748964,0.036189595954371816,0
951,0.04812023206847749,0.04699832072664876,0.04016652526444783,0
952,-0.0023785105700814264,0.00616450648634417,0.007166197207364387,0
953,-0.06518471546960217,-0.028531073366162486,-0.00156399313499936,1
954,-0.056625477886764454,0.010892283953739326,0.012526169070690504,1
955,-0.04490732193877509,-0.0036194793358992395,-0.011383398258402662,1
956,0.0573123943982498,0.06004857649607505,0.040047951425138256,0
957,0.001190029496055328,-0.000999068251494556,0.016828743169130446,0
958,-0.019830364339940933,0.02368110819380784,-0.04390312446181918,1
959,0.020668589704853774,0.027832913212833585,0.007592181039059705,0
960,-0.015435906437697522,0.0344217362316749,-0.020314244791259862,1
961,0.03675601781702456,0.03086421846725738,0.03387808790268337,0
962,-0.0170459304881979,-6.329357691599433e-06,-0.0065033980399267855,1
963,-0.012421100217827701,0.008278805281399826,-0.06736117056664896,1
964,-0.00626145858758395,0.04417572850367677,-0.030995707524187864,1
965,-0.040120153221522736,0.023586547375145255,0.009975738061261601,1
966,-0.01620693057431768,0.034003107431017754,-0.023352897492126934,1
967,0.025508268646879783,0.012643713137669892,0.03072250080896552,0
968,-0.025708315061167202,0.010133460147993401,-0.03687812696577961,1
969,0.04435183866814973,0.0435098768644244,0.0465271477790836,0
970,-0.01988891142583663,0.04606431797887549,-0.004314223059498628,1
971,-0.048221561463136574,-0.012618405689963766,-0.0156470609878312,1
972,0.03119271971482679,0.022402993731798434,0.03607806875377009,0
973,-0.011525932030798403,0.010100893001054897,-0.06505265607259739,1
974,-0.007811208513544746,-0.013349161510533345,0.013603443553145899,0
975,-0.017843495528112582,-0.007643817285583125,-0.002410211196818989,1
976,0.026677393720075143,0.015012615968822033,0.039842867873608266,0
977,-0.0109581610211318,0.038142810683264125,-0.03144014431693624,1
978,0.027569725273712202,0.025413369096378813,0.02353449998758952,0
979,0.044454705045474906,0.04594187358873321,0.04715990884479537,0
980,-0.02279320046771472,0.035833958492372364,-0.008820829509312861,1
981,0.013659614563236094,0.02497855369051646,0.014173737054569584,0
982,-0.03271433319580926,0.021553880341247944,-0.021185950214134427,1
983,-0.020918149858853208,0.008513399554550634,-0.04335541416902899,1
984,0.03359627832979712,0.011937296092222407,0.04601388583798074,0
985,-0.04922915870661407,0.014878610917019839,0.0010874707707482002,1
986,-0.024196733910529233,0.021663592431219045,-0.029126081648222238,1
987,0.05900980475348701,0.06425442812218508,0.04093185548153692,0
988,-0.049029307928223756,-0.0018542490298569748,-0.006997217591544161,1
989,-0.03240964856893803,-0.017508564763103578,-0.04396878205194908,1
990,0.04201244051842891,0.05007617932474225,0.03398613901479781,0
991,0.005292256115545218,0.016204209909167204,0.00856810503521918,0
992,0.03499749201847496,0.03723097089653467,0.037104728182287765,0
993,-0.06332022922157965,-0.0256654079784874,-0.01602854034392455,1
994,-0.042894089132970804,0.01807613059887046,-0.004176490597221833,1
995,0.06978972458024468,0.06696697115347199,0.0618354337237315,0
996,0.07588654433546896,0.06853157278994831,0.049713590427390625,0
997,-0.02878865579286562,0.020841558339191848,-0.0210601096504701,1
998,-0.012910947435182719,0.040593575562328864,-0.0266081529186495,1
999,0.013102752933185632,0.01278181907079377,0.010354801316291498,0
